source_id,retrieved_date,source_type,title,url_or_ref,publisher,pub_date,quality_rating,independence_group_id,coverage,notes
S01,2026-04-18,SEC Filing,Apple FY2025 Annual Report (10-K),NotebookLM apple-sec-filings-10-q-10-k-la,Apple Inc / SEC EDGAR,2025-11-07,A,G1,"Revenue segments, geographic breakdown, gross margins, cash flow, balance sheet, risk factors, MD&A",Primary source — FY2025 fiscal year ended Sep 27 2025
S02,2026-04-18,SEC Filing / Earnings Release,Apple Q4 FY2025 Earnings Press Release (8-K EX-99.1),https://www.sec.gov/Archives/edgar/data/320193/000032019325000077/a8-kex991q4202509272025.htm,Apple Inc / SEC EDGAR,2025-10-30,A,G1,"Q4 and FY2025 full-year income statement, revenue by segment and geography",Confirms 10-K figures independently
S03,2026-04-18,Financial Analysis,Apple Q1 FY2026 Earnings Analysis — Services Revenue,https://news.alphastreet.com/apple-aapl-services-revenue-is-the-hidden-growth-engine-investors-keep-underestimating/,AlphaStreet,2026-02-01,B+,G2,"Q1 FY2026 segment revenue, Services margin 76.5%, Products margin 40.7%",Most recent quarter post-FY2025
S04,2026-04-18,Market Research,IDC Worldwide Smartphone Market Share CY2025,https://www.idc.com/promo/smartphone-market-share/market-share/,IDC,2026-02-12,A,G3,"Global unit shipments and share by vendor; CY2025 full year and Q4 2025",IDC is primary industry authority
S05,2026-04-18,Market Research,Counterpoint Research Smartphone Market Share 2025,https://appleinsider.com/articles/26/01/12/apple-dominated-2025-smartphone-market-with-a-20-share,Counterpoint via AppleInsider,2026-01-12,B+,G4,"Apple 20% global unit share CY2025; premium >$600 share",Confirms IDC finding independently
S06,2026-04-18,Financial Data,Apple ROIC and WACC Analysis,https://www.gurufocus.com/term/roic/AAPL,GuruFocus,2026-01-15,B+,G5,"ROIC 56.14% (annualized Dec 2025); WACC 8.86%; beta 0.8048",Uses standardized methodology
S07,2026-04-18,Financial Data,Apple ROIC Historical and NOPAT,https://discountingcashflows.com/company/AAPL/valuation/return-on-invested-capital-roic/,DiscountingCashFlows.com,2026-04-01,B,G5,"ROIC 85.44% FY2025; NOPAT $112.3B; Invested capital trends",Different methodology from GuruFocus — buyback distortion noted
S08,2026-04-18,Market Research,Apple iPhone ASP SAG Q4 2025,https://www.morningstar.com/news/business-wire/20260129800493/apple-iphone-asp-taps-us1000-mark-in-q4-2025,SAG via Morningstar,2026-01-29,A-,G3,iPhone ASP hit $1032 in Q4 2025 first time above $1000; Pro model mix driver,SAG is specialized iPhone ASP tracker
S09,2026-04-18,Financial News,Apple FY2025 Full Year Report Summary PDF,https://savest-financial.com/wp-content/uploads/2025/11/Apple-Inc.-Full-Year-2025-Report-Summary.pdf,Savest Financial,2025-11-01,B,G2,"FY2025 margin analysis; gross margin 46.91%; EPS $7.46; net income $112B",Analytical summary — cross-check with 10-K
S10,2026-04-18,Earnings Call,Apple Q4 2025 Earnings Call Transcript,https://www.fool.com/earnings/call-transcripts/2025/10/31/apple-q4-2025-earnings-call-transcript/,Motley Fool,2025-10-31,A-,G1,"Tariff costs $1.1B Q4; net cash $34B; Q1 FY2026 guidance; Cook on AI",Direct management commentary
S11,2026-04-18,Analyst Research,Apple Stock Outlook 2026 — FXOpen Scenarios,https://fxopen.com/blog/en/analytical-apple-stock-price-forecast/,FXOpen,2026-04-06,B,G6,"FY2026 EPS scenarios: Bull $9+, Base $8.60-8.80, Bear $7.80-8.20; price targets",Analyst scenarios — cross-check with MarketBeat
S12,2026-04-18,Consensus Data,Apple EPS Estimates MarketBeat,https://www.marketbeat.com/stocks/NASDAQ/AAPL/earnings/,MarketBeat,2026-04-18,B+,G6,"FY2026 EPS consensus $7.92 (range $7.46-$8.20); Q2 FY2026 EPS $1.77 est",Aggregates sell-side consensus
S13,2026-04-18,Market Research,Apple Services Business Growth Analysis 2026,https://finance.yahoo.com/news/apples-services-business-major-catalyst-182600661.html,Yahoo Finance,2026-01-15,B,G2,"App Store 850M weekly users; Apple Pay 11000+ partners; Apple TV views +36%",Services KPI data points
S14,2026-04-18,Financial News,TIKR Apple FY2026 EPS Forecast 14% Growth,https://www.tikr.com/blog/apple-best-quarter-ever-delivers-144b-why-eps-is-forecast-to-grow-14-in-2026,TIKR,2026-02-01,B,G6,"FY2026 normalized EPS $8.51; Services 14% growth; installed base 2.5B devices",Higher estimate than consensus — note bull bias
S15,2026-04-18,Market Research,Counterpoint iPhone ASP Q4 2025 Global Smartphone Revenue,https://counterpointresearch.com/en/insights/Global-Smartphone-Average-Selling-Price-Breaches-%24400,Counterpoint Research,2026-01-30,A-,G4,"iPhone ASP uplift; Apple Q4 revenue +23% YoY; revenue share 59%",Confirms premium ASP trend
S16,2026-04-18,Market Research,iPhone Resale Market 2025 — Used iPhone Statistics,https://www.thetechbuyers.com/blog/old-iphone-resale-values-in-2025-trends-and-predictions,TechBuyers,2025-06-01,C,G7,"iPhone retains 45-60% value after 2 years; 2-3x Android",Secondary source for alt data only
S17,2026-04-18,News,Apple EU DMA Fine €500M May 2025 — ProMarket Analysis,https://www.promarket.org/2025/11/13/does-the-case-of-apples-app-store-indicate-its-time-for-an-american-digital-markets-act/,ProMarket,2025-11-13,B+,G8,EU DMA €500M fine May 2025; US injunction on link-out purchases,Confirms regulatory filings from 10-K
S18,2026-04-18,WACC Analysis,Apple WACC Calculation — ValueInvesting.io,https://valueinvesting.io/AAPL/valuation/wacc,ValueInvesting.io,2026-04-01,B,G5,"WACC 9.2%; cost of equity 9.30%; cost of debt 5.0%; beta 0.85",Second WACC estimate — confirms ~9% range
S19,2026-04-18,Academic/Research,Apple WACC Krause Fund — University of Iowa,https://students.tippie.uiowa.edu/sites/students.tippie.uiowa.edu/files/2025-12/f25_AAPL.pdf,University of Iowa,2025-12-01,B+,G5,"WACC 9.07%; cost of equity 9.32%; beta 1.12; DCF price target analysis",Academic rigor; independent methodology
S20,2026-04-18,News,Apple Intelligence AI Siri Delay Analysis CNBC,https://www.cnbc.com/2025/12/30/apple-intelligence-ai-siri-iphone.html,CNBC,2025-12-30,B+,G9,"Full AI Siri delayed to 2026; iPhone 16 AI supercycle did not materialize",Key bear case evidence for H5
S21,2026-04-18,Financial News,Apple Q1 FY2026 Best Quarter — CNBC,https://www.cnbc.com/2025/10/30/apple-aapl-earnings-report-q4-2025.html,CNBC,2025-10-30,B+,G2,"Tariff costs Q4; net cash $34B; gross margin guidance 47-48% Q1 FY2026",Confirms management guidance
S22,2026-04-18,Company Disclosure,Apple App Store US Facilitated $406B 2024,https://www.apple.com/newsroom/2025/05/app-store-in-the-us-facilitated-406-billion-usd-in-developer-billings-and-sales-in-2024/,Apple Newsroom,2025-05-14,A,G1,"App Store US GMV $406B 2024; ecosystem nearly tripled from $142B 2019",Apple primary disclosure
