assertion_id,phase,sub_question,assertion_tier,assertion_text,source_ids,verification_status,confidence,contradicted_by,notes
A01,Phase3,Q1,C1,Apple FY2025 total net sales were $416.2 billion (+6.4% YoY),"S01,S02",VERIFIED,HIGH,,Two independent sources (10-K + Q4 press release) confirm
A02,Phase3,Q1,C1,iPhone is Apple's largest segment at $209.6B (50.4% of revenue) in FY2025,"S01,S04",VERIFIED,HIGH,,Segment split confirmed by 10-K and IDC context
A03,Phase3,Q1,C1,Services reached $109.2B in FY2025 (+13.5% YoY; 26.2% of total revenue),"S01,S02",VERIFIED,HIGH,,Two sources; Services margin confirms high value
A04,Phase3,Q1,C2,Wearables/Home/Accessories was the only declining segment in FY2025 (-3.6%),"S01,S04",VERIFIED,HIGH,,
A05,Phase3,Q1,C1,Apple's geographic revenue: Americas 42.9%; Europe 26.7%; Greater China 15.5%,"S01,S02",VERIFIED,HIGH,,Greater China declined 3.8% YoY
A06,Phase3,Q2,C1,Services gross margin is 75.4% vs Products gross margin 36.8% in FY2025,"S01,S03",VERIFIED,HIGH,,Q1 FY2026 confirms: Services 76.5% vs Products 40.7%
A07,Phase3,Q2,C1,Apple's total gross margin reached 46.9% in FY2025 — a record high,"S01,S09",VERIFIED,HIGH,,Driven by Services mix shift; up from ~38.5% in FY2017
A08,Phase3,Q2,C1,Services revenue includes App Store / Apple Music / iCloud / Apple TV+ / Apple Pay / AppleCare / advertising / licensing,"S01,S22",VERIFIED,HIGH,,10-K explicitly lists components
A09,Phase3,Q2,C1,Google search licensing deal is a material component of Services revenue; under DOJ legal challenge,"S01,S17",VERIFIED,HIGH,,10-K explicitly warns this could materially adversely affect revenue if prohibited
A10,Phase3,Q2,C1,Apple R&D spending was $34.6B in FY2025 (+10% YoY),"S01,S09",VERIFIED,HIGH,,
A11,Phase3,Q3,C2,Apple's ecosystem creates high switching costs; Services lock users into iPhone hardware platform,"S01,S13",VERIFIED,MEDIUM,,Qualitative — supported by subscription data and retention surveys
A12,Phase3,Q3,C1,App Store US ecosystem facilitated $406B in developer billings/sales in CY2024 (3x 2019),"S22,S13",VERIFIED,HIGH,,Official Apple disclosure
A13,Phase3,Q4,C1,Apple held 20.0% global smartphone unit share in CY2025 (#1 globally; 251.7M units; +7.4% YoY),"S04,S05",VERIFIED,HIGH,,Two independent market research firms (IDC + Counterpoint) confirm
A14,Phase3,Q4,C1,Apple commands 62% of global premium (>$600) smartphone market in H1 2025,"S05,S08",VERIFIED,HIGH,,Counterpoint data; consistent with iPhone ASP trend
A15,Phase3,Q4,C2,Huawei surpassed Apple in China CY2025 (16.4% vs 16.2% share); ongoing competitive pressure,"S04,S05",VERIFIED,HIGH,,Apple rebounded in Q4 2025 to China #1 per SAG
A16,Phase3,Q5,C1,Apple net income $112B in FY2025 (#2 globally after Alphabet $132B; ahead of Microsoft $105B),"S09,S06",VERIFIED,HIGH,,
A17,Phase3,Q5,C2,Apple net profit margin 26.9% in FY2025 — below Microsoft (35.7%) and Meta (36.7%) but above Amazon (8.3%),"S09,S06",VERIFIED,MEDIUM,,Apple's lower net margin vs pure-software peers reflects hardware revenue mix
A18,Phase3,Q6,C1,Apple free cash flow was $98.8B in FY2025 ($111.5B OCF minus $12.7B CapEx),"S01,S10",VERIFIED,HIGH,,
A19,Phase3,Q6,C1,Apple returned $106.1B to shareholders in FY2025 ($90.7B buybacks + $15.4B dividends),"S01,S10",VERIFIED,HIGH,,Capital returns exceeded FCF — funded by net cash position
A20,Phase3,Q6,C1,Apple ROIC FY2025 ~52-85% depending on methodology; massively exceeds WACC of ~9%,"S06,S07,S19",VERIFIED,HIGH,,Buyback distortion inflates ROIC; but even conservative ROIC >> WACC
A21,Phase3,Q6,C2,Apple net cash position approximately $34B (cash $132.4B minus debt $98.7B),"S01,S10",VERIFIED,HIGH,,
A22,Phase3,Q7,C1,Consensus FY2026 EPS estimate $7.92 (range $7.46-$8.20) at MarketBeat; Q1 FY2026 already beat at $2.84,"S12,S03",VERIFIED,HIGH,,Q1 FY2026 beat implies FY2026 likely trending toward higher end
A23,Phase3,Q7,C2,Apple iPhone 17 ASP hit $1032 in Q4 2025 — first time above $1000 globally,"S08,S15",VERIFIED,HIGH,,Two sources (SAG via Morningstar; Counterpoint)
A24,Phase3,Q7,C1,EU DMA resulted in €500M fine in May 2025; 10-K warns up to 10% of global sales at risk,"S01,S17",VERIFIED,HIGH,,10-K (primary) + ProMarket article confirms
A25,Phase3,Q7,C1,Tariff costs were $1.1B in Q4 FY2025; expected $1.4B in Q1 FY2026,"S10,S01",VERIFIED,HIGH,,Management guidance on earnings call
A26,Phase3,Q7,C2,Full AI Siri (key Apple Intelligence feature) was delayed; full rollout targeting 2026,"S20,S01",VERIFIED,HIGH,,CNBC analysis + 10-K risk factors on AI features; iPhone 17 upgrade driven by hardware not AI
A27,Phase3,Q7,C2,Services CAGR FY2023-FY2025 = 13.2% — exceeds H1 hypothesis threshold of 10%,"S01,S09",VERIFIED,HIGH,,H1 confirmed for historical period; forward depends on regulatory risk
A28,Phase3,Q2,C1,Apple's manufacturing is concentrated in China mainland — creates supply chain risk,"S01,S20",VERIFIED,HIGH,,10-K explicitly notes significant majority of manufacturing in China
A29,Phase3,Q7,C1,Greater China Q1 FY2026 rebounded +38% YoY after -3.8% in FY2025,"S01,S03",VERIFIED,MEDIUM,,Q1 FY2026 China surge offset FY2025 weakness; iPhone 17 strong in China per IDC
A30,Phase3,Q6,C2,Apple installed base of active devices at all-time high across all product categories (FY2025 year-end),"S10,S14",VERIFIED,MEDIUM,,Tim Cook statement on Q4 earnings call; TIKR estimates 2.5B active devices
